-- phpMyAdmin SQL Dump
-- version 4.1.7
-- http://www.phpmyadmin.net
--
-- Host: localhost
-- Generation Time: Lug 19, 2016 alle 19:10
-- Versione del server: 5.6.29-log
-- PHP Version: 5.3.10

SET SQL_MODE = "NO_AUTO_VALUE_ON_ZERO";
SET time_zone = "+00:00";


/*!40101 SET @OLD_CHARACTER_SET_CLIENT=@@CHARACTER_SET_CLIENT */;
/*!40101 SET @OLD_CHARACTER_SET_RESULTS=@@CHARACTER_SET_RESULTS */;
/*!40101 SET @OLD_COLLATION_CONNECTION=@@COLLATION_CONNECTION */;
/*!40101 SET NAMES utf8 */;

--
-- Database: `my_youcall`
--

-- --------------------------------------------------------

--
-- Struttura della tabella `Assistance`
--

CREATE TABLE IF NOT EXISTS `Assistance` (
  `id` int(11) NOT NULL AUTO_INCREMENT,
  `category` enum('Line management','Monitoring Costs and Payments','Technical support','Smart Life') COLLATE utf8_bin NOT NULL,
  `subcategory` enum('Landline','Mobile','What you can do online','Smartphone and Tablet','ADSL','Navigation','Sky','Netflix','Chromecast') COLLATE utf8_bin NOT NULL,
  `subsubcategory` varchar(100) COLLATE utf8_bin NOT NULL,
  `name` varchar(255) COLLATE utf8_bin NOT NULL,
  `description` text COLLATE utf8_bin NOT NULL,
  `highlight` tinyint(1) NOT NULL,
  PRIMARY KEY (`id`)
) ENGINE=MyISAM  DEFAULT CHARSET=utf8 COLLATE=utf8_bin AUTO_INCREMENT=51 ;

--
-- Dump dei dati per la tabella `Assistance`
--

INSERT INTO `Assistance` (`id`, `category`, `subcategory`, `subsubcategory`, `name`, `description`, `highlight`) VALUES
(1, 'Line management', 'Landline', 'Line management', 'Activation of the landline', 'Requesting the activation of a landline is very simple, you can:\r\n- Request it online\r\n- Call the client service number 420\r\n- Go to one of our point.\r\n \r\n \r\n \r\nNecessary data:\r\n- Name and surname\r\n- ID number\r\n- Address\r\n- Phone number\r\n- e-mail address', 1),
(2, 'Line management', 'Landline', 'Line management', 'Termination', 'To be able to use the right to reconsider the inherent requirements of:\r\n\r\nACTIVATE NEW LINE\r\nPASSAGE TO ANOTHER OPERATOR\r\nACTIVATION OFFER / SERVICE ON LINE ALREADY '' TIM\r\nPURCHASE / HIRE OF PRODUCTS\r\nYou can contact customer service 187 or download directly from this site in the form to the written application :\r\n\r\nwithdrawal form ( " rethinking " within 14 days )', 0),
(3, 'Line management', 'Landline', 'Line management', 'Change in the subscription', 'If you ceased your professional activities , you can request the change of your telephone subscription contract.\r\nTo request the change called the Customer Service 191 .\r\n\r\nWith the request of the conversion of the contract from the Business category ( " A" ) to the Residential category ( " B " ) the cost of your monthly subscription will increase from :\r\n\r\n&euro; 22.50 ( VAT) to &euro; 17.54 ( VAT included 22 % ) , in the case of basic telephone line\r\n&euro; 31.00 ( VAT) to &euro; 20.17 ( VAT included 22 % ) , in case of ISDN line .', 0),
(4, 'Line management', 'Landline', 'Line management', 'Refund products', 'To cease the rental of a product, resulting in the interruption of the related subscription, simply call Customer Service 187 fixed line and mail or deliver the product no later than 30 days from the date of the request for termination / cancellation of the contract with the form of accompanying you can download from this page.\r\n\r\nDownload the pdf form\r\n\r\n \r\n\r\nYou can ship the product to the following address:\r\n\r\n        Telecom Italy S.p.A. c / o Geodis Logistics\r\n        Reverse stock A22\r\n        Piazzale George Ambrosoli snc\r\n        27015 Landriano PV\r\n\r\nAlternatively, you can return it (except the modem) exclusively at one of the following TIM Shops:\r\n\r\n-ROMA: Viale Liegi, 31\r\n-Milan: Piazza Cordusio snc - ang. Via Broletto\r\nNAPLES: Office District - Island A4\r\nPALERMO: Via of freedom, 37 / d\r\n-Treviso: Via XX Settembre, 2\r\n(No TIM shop outside of those listed in this list has enabled the return of products that have been asked for the cancellation of the rental agreement, therefore, under no circumstances, may decide to withdraw).\r\n\r\n       \r\n\r\nIn the case of delivery of a modem you will need to be shipped by parcel post to the address indicated on this page or on the accompanying form because, for this product is not designed for direct delivery to a TIM Shop.', 0),
(5, 'Line management', 'Landline', 'Activate or deactivate phone services', 'Deactivate services on the landline', 'By joining our Customer Area you can manage independently the cessation of active services on your telephone line; once you navigate de "My Line" - "Services and Offers Active" or "My Account" in the "Detail Costs" of the invoice.\r\n\r\nThe services that you can turn off are as follows:\r\n\r\nPayForMe: is an active service by default that you can turn in "My Line" - "Summary." Click here to disable.\r\nWho is a facility that allows you to view the display of your phone set up the number of who is calling you, from a fixed or mobile network. Click here to disable\r\nMemotel: the answering machine that you can turn on your home line.\r\ncall transfer service which allows you to also transfer your mobile phone incoming calls to your home number.\r\nLast missed call by dialing 42400 from landline you can learn the latest issue, both fixed and mobile that called you, date and time.\r\nAlternatively:\r\n\r\ncall the Customer Service 187.', 0),
(6, 'Line management', 'Mobile', 'SIM management', 'All on your SIM', 'All you need to know to better manage your SIM :\r\n\r\nThe PIN and PUK codes\r\nWhat to do in case of theft or loss\r\nReplacing your SIM\r\nReplenishing prepaid numbers', 1),
(7, 'Line management', 'Mobile', 'SIM management', 'Replace SIM', 'The SIM Card replacement operation , let you change your SIM and keep your phone number . You can go into any store TIM and request it .', 0),
(8, 'Line management', 'Mobile', 'SIM management', 'PIN and PUK', 'All the information to manage the security PIN and PUK codes and know what to do if your SIM card lock .\r\n', 0),
(9, 'Line management', 'Mobile', 'SIM management', 'Memory Card', 'The memory card is a portable electronic device of reduced size capable of storing data in digital form and to maintain them in memory even in the absence of power supply.\r\nThe memory cards are used for two purposes:\r\n\r\nFor saving game data in the console;\r\nTo store files (music, pictures, movies or other) on portable devices.\r\nIf you use a smartphone or tablet, you''ll want to purchase a memory card because thanks to increased capacity and safety features, offers even more features, releasing the full potential of your favorite devices.\r\nThere are many different types of memory cards, different by size (the best known cuts are 128MB, 1 - 2 - 4 - 8 - 16 - 32GB), shape and interface.\r\n\r\nAs for the Memory Card for Mobile Phones and Smartphones, the memory cards are certainly the most recent and avant-garde. Represent the smallest version of the Memory Card and are divided between: Mini Secure Digital (Mini SD), Reduced Size Multimedia Card (RS-MMC) and Transflash.\r\n\r\nIf your device does not see the test memory card to remove it and insert it again.\r\nIf you are still experiencing the problem consult the user manual of your mobile or go to the website of the manufacturer', 0),
(10, 'Line management', 'Mobile', 'Mobile line management when you''re abroad', 'Check your credit while abroad', 'When you''re abroad, you can check the remaining credit of your rechargeable TIM through the following ways:\r\n\r\nIf the local operator supports the service of Direct Call, please call 40916 even if you''re at zero credit.\r\nIf you still can use the remaining credit 40916 service by sending a free SMS message to 40916 with the syntax ''CREDIT''.\r\nDirectly from online pc entering the section MyTIM Mobile.\r\nBy phone on TIM.it site optimized for your smartphone, or through the App MyTIM Mobile, currently available for free download in versions for iPhone and smartphones with Android operating system. If you want to know what it costs to surf the Internet when you''re abroad, you can see the cost of the navigation section on the Internet with their cell phone or with the PC. In this case, in fact, for the display of information, you will support the costs and conditions normally applied to data roaming.\r\nFinally from abroad, you can check your own credit by dialing * 123 # followed by ENTER when the local manager allows this service. After a few moments appear the amount of your remaining credit directly on the phone''s display.', 0),
(11, 'Line management', 'Mobile', 'Mobile line management when you''re abroad', 'Surf the internet while abroad', 'To use the service Internet abroad, your rechargeable line must always have positive residual credit.\r\n\r\nThe service is available where TIM has entered into a Data roaming agreement with the foreign operator. In this case, to surf the Internet, you should not change this configuration in your Smartphone, Tablet, Stick or Modem TIM as the settings used in Italy remain valid.\r\nBy lying abroad, also, you may need to manually search the network to select the operator with which was signed roaming agreement or guaranteeing the best coverage. In that case you will need to select the operator directly from the network settings on your phone or from the management panel on PC if you use a stick or Modem TIM.\r\n\r\nBefore leaving please ask about the costs and tenders for surfing the web, WAP, BlackBerry.net and control of your email by accessing the website of the Foreign Section tim.it. In case navigassi no active offers, however, the base rate will be applied.\r\n\r\nTIM Remember:\r\nActive promotions that you use for the traffic generated by the national territory does not cover the navigation performed abroad. In this case, the relative Roaming costs will be charged on your remaining credit, if you are a customer with rechargeable and without domiciliation Roaming on a credit card or, if you are a customer with a subscription, directly on the mobile bills online.\r\n\r\nBefore leaving, finally, check if your mobile / TIM stick is compatible with mobile networks in the country where you want to bring to you. You can check the supported technology (eg: GSM 850/900/1800/1900 or UMTS / WCDMA 2100) directly on our website.', 0),
(12, 'Line management', 'What you can do online', 'Recharge credit online', 'Quick recharge', 'The service from Fast Reload tim.it site lets you charge your phone without the need to register :\r\nsimply enter your details and in 3 clicks your line is recharged !\r\n\r\nThe charging cuts start at a minimum of &euro; 6 and a maximum of 150 &euro; .\r\n\r\nIt will be some simple information such as :\r\n\r\nTIM number to recharge .\r\nan email address to which you send the notification operation performed.\r\nthe data of your credit card or PayPal .\r\nThey accept major credit cards issued in Italy belonging to the Visa , Mastercard ( including Carta , Postepay , Clarima and Bankamericard Deutsche Credit Card ) , American Express , Diners Card and Aura .\r\n\r\nN.B. We remind you that if you choose charging 6 &euro; you will have &euro; 5 credit and 500 MMS to be sent to all within 30 days . For full details on Reload + click here .', 0),
(13, 'Line management', 'What you can do online', 'Buy online', 'Shipping time and costs', 'If you shop online with a credit card remember that the shipment may take place only on the Italian territory, and amount of the order are not added expenses.\r\n\r\nThe purchased goods will be delivered within 8 days from receipt of order, depending on the day and time when you made your order, according to the following schedule:\r\nRequest completed before 10.00 am from Monday to Friday:\r\n- Delivery to the customer in the third working day (excluding Saturdays) after order confirmation.\r\nRequest completed after 10.00 from Monday to Friday:\r\n- Customer delivery in the fourth working day (excluding Saturdays) after order confirmation.\r\nRequest completed Saturday Sunday and public holidays:\r\n- Delivery to the customer within three working days immediately useful.\r\n\r\nThe delivery times as described above, are purely indicative and not binding. In the case of organizational needs, as well as any acts of force that occurred, prevented to respect the deadline, you will be promptly informed about the new delivery.\r\n\r\nFor security reasons, you will be asked to show a document proving your identity, in the process of delivery of the goods; in case of failure to present, in charge of the shipment is authorized not to make delivery.\r\nThe customer is notified of the failure to deliver the same form used in case of absence of the recipient.\r\n\r\nThe carrier in charge of the expedition, in case of absent recipient will make a second delivery attempt after which it will return to sender the goods.\r\n\r\nIn case of a wrong address and / or incomplete found on the first delivery attempt, the courier will contact TIM to verify the received data and / or to supplement the information in its possession, in order to proceed to the second delivery attempt.\r\n\r\nIn either case, if the second delivery attempt is not successful end products related to the order will come back to the warehouse and the order amount will be refunded after the appropriate accounting records.\r\n\r\nAnd ''possible to check online the status of an order for products or tariff promo / Change Profile / Reload purchased online paying by credit card or PayPal.\r\nTo monitor the progress of these orders, you can go to the "Purchasing" (section "orders") of MyTIM Mobile.\r\n\r\nYou can find more details by consulting the online buyer''s guide.', 0),
(14, 'Line management', 'What you can do online', 'Buy online', 'Get invoice of your purchases', 'The bill is available for the purchase of products, SIM Card, refills, fees charged on credit card installments and domiciled offers and roaming traffic billed to your credit card.\r\nThe terms of issue of the invoice are different depending on your purchase.\r\n\r\nPurchase Products Online\r\nTo purchase products online is always scheduled for an invoice. In the catalog, the amounts indicated are expressed in Euros and are inclusive of VAT.\r\nThe invoice will be sent, in the days after the payment, in .pdf format to the email address specified in the purchase order.\r\nIn addition, if you wish, you can also request the sending of postal mail to the address of the invoice that you will explicitly indicate the item "" invoice number. In this case the document will be delivered within approximately 10 days from the date of the ''purchase.\r\nRemember, it is not any change on the invoice data after order is placed online can make.\r\n\r\n\r\nBuy TIM Card, rechargeable traffic (refills), payments for deals with resident payment on a credit card, with or without medium installments, roaming traffic billed to your credit card.\r\nFor the purchase of such services can take advantage of the receipt issued automatically by some charging channels (in general all your receipts, bills, types of charging reporting date / time of charging, amount and users are fiscally valid documents).\r\nAlternatively, you can request the issuance of a TIM:\r\n\r\nReceipt summary of purchased services, without evidence of VAT separately\r\nInvoice with VAT shown separately (VAT), only for the trades or professions, end users of the service\r\nTo the request of the summary receipt of purchased services (without evidence of tax separately), you can telephone the Customer Service 119, which will follow up the work.\r\nYou will then receive your email address or your home, a summary document, which is valid for tax purposes, for the charging operations, fees charged on credit card deals domiciled, with or without medium installments, roaming traffic billed to your credit card for a previous period up to 6 months prior to the request.\r\n\r\nIf you meet the requirements of the current law, you can request an invoice with a separate tax evidence.\r\nIn this case, you must complete and submit the online form "Request an invoice" which you can reach from the MODULES section by selecting "Customer Rechargeable".', 0),
(15, 'Line management', 'What you can do online', 'Buy online', 'Activate an offer online', 'If you want to enable an online offer you follow these simple guidelines:\r\n\r\nchoose among offers available one you prefer;\r\naccess the link "online" on the page "as you enable" about offering choice.\r\nTo access the "method of payment" you must access the private area reserved for TIM customers and therefore you will be required to enter your username and password if you have already performed the login you will be presented directly to the page "method of payment ".\r\n\r\nYou can choose to:\r\n\r\nCharge the amount of the cost of the offer directly to your credit card (American Express, Aura, Mastercard, Visa);\r\nUse the PayPal service that allows you to make payments without display the number of your credit card;\r\nMay debit the cost on the remaining balance of your Tim Card rechargeable or on telephone line with statements of your subscription (the amount will be charged on the first statement useful);\r\nUse Passepartout, the service that allows those who have a TIM Card to make purchases with a charge on your credit card just by typing a PIN.\r\nOnce you have chosen the method of payment, the offer will be summarized and will be asked to confirm your choice. When finished you will see the message: "The operation is successful."\r\n\r\nThis means that the offer will be available within 48 hours and at least 15 minutes after the confirmation of the on site service activation. TIM will send you an SMS confirmation on your mobile further.\r\n\r\nYou can choose to give away even an offer to another client TIM.\r\nBefore you choose the payment method, in fact, TIM gives you the option to choose a different number to which to allocate the activation.\r\n\r\nTIM S.p.A. accepts no responsibility for incorrect entries of the phone number to which activate the tariff promo.\r\n\r\nOn the same page, there is a small box "gift service" where you can send a free SMS to the recipient of your gift.\r\n\r\nLog in to offers that TIM provides you directly from the promotions section.', 0),
(16, 'Monitoring Costs and Payments', 'Landline', 'Invoices and payments', 'How to read the bill', 'The fixed line bill is simple and easy to read because designed inspired by customer feedback . The graphic design , modern and refined , using an ever clearer language for the display of items of expenditure , making it easier to read all the information you need and ensuring greater transparency in the content and in the amounts.', 0),
(17, 'Monitoring Costs and Payments', 'Landline', 'Invoices and payments', 'How to pay the bill', 'Where ask it:\r\n- online in the landline section\r\n- customer service landline 187\r\n- directly in your bank or in the post office\r\nProfit:\r\n- save time and money to manage the payments\r\n- reliability of the payments\r\n- check of the payment\r\n- no advance payment', 0),
(18, 'Monitoring Costs and Payments', 'Mobile', 'Rechargeable', 'Promotions for Rechargeable customer', 'If you have a Rechargeable line and you purchased a promotion that provides for the periodic renewal of a traffic bundle calls , SMS or Internet browsing , we remind you that the renewal option will last longer than 4 hours from midnight on the expiration date from ''offering. Renewal is always confirmed with an SMS .\r\n\r\nPlease remember to verify that the day of your renewal TIM Card has enough credit.\r\n\r\nBefore you use the service please anyway to verify a successful renewal of the bundle provided by the Promotion by calling the freephone number 40916 ( for customers Rechargeable ) .\r\n\r\nYou can also always check the status of your promotion by consulting the MyTIM Mobile , browsing by phone on TIM.it site optimized for your Smartphone or through the app MyTIM Mobile .', 1),
(19, 'Monitoring Costs and Payments', 'Mobile', 'Rechargeable', 'Call details for Rechargeable customer', 'The remaining credit available , the offers and the status of active bonus on your rechargeable line , are available through the following ways :\r\n\r\nRight from your Smartphone , signing into the MyTIM Mobile , currently available for free download in versions for iPhone and smartphones with Android operating system.', 1),
(20, 'Monitoring Costs and Payments', 'Mobile', 'Subscription', 'Promotions for customer with subscription', 'If you are a customer with a subscription and have purchased a promotion that provides for the periodic renewal of a traffic bundle for calls , SMS or Internet browsing , we remind you that the renewal option will last longer than 4 hours from midnight on the deadline date from the offer. Renewal is always confirmed with an SMS .\r\n\r\nBefore you use the service please anyway to verify a successful renewal of the bundle provided by the Promotion by calling the freephone number 40915 ( subscription customers ) .\r\n\r\nYou can also always check the status of your promotion consulting MyTIM Mobile , browsing by phone on TIM.it site optimized for your Smartphone or through the app MyTIM Mobile .', 0),
(21, 'Monitoring Costs and Payments', 'Mobile', 'Subscription', 'Call details for customer with subscription', 'The "traffic documentation" service offers you a chance to get the details of every phone call, data connection or other event, made from your line (*). For each event is provided indicating the date / time of execution, the cost, the type, the number called and whether it is voice or SMS traffic (with the last three digits asterisked - L. 171/98 "privacy protection telecommunications ").\r\n\r\nThe documentation of the traffic is always available in MyTIM Mobile and is available within 90 calendar days from the end of the reference flow statement, when you are a customer with a subscription, easily available in different formats and archived (as pdf).\r\n\r\nYou can still request to send a hard copy printout of the previous traffic (equivalent to the already available in pdf MyTIM Mobile) or sending a printout of plain previous traffic (in this case must be specified), as long as falls within periods over indicated. In this case you will need to complete and submit the form "Request Documentation Traffic" which can be downloaded in pdf format from the section modules, selecting the reference subscription subsection.', 0),
(22, 'Monitoring Costs and Payments', 'Mobile', 'Surf the Internet', 'Base rate to surf the Internet with your smartphone', 'Flat Day is the base rate for the surf the Internet from Smartphone , Tablet PC , and for a maximum of 500MB per day at a cost of 4 &euro; ( VAT included) .\r\n\r\nThe Flat Day base rate intervenes in the absence of active offer data about your line. In this condition if you make an Internet connection takes a 4 &euro; daily fee for 500MB of data traffic to be used within the same day ( until 23:59 ) .\r\n\r\nThe cost of the Flat Day is only charged on days of actual use to the first connection event . On reaching 500MB of data traffic in the day , the browsing speed is reduced to 32 Kbps at no additional cost . The MB of traffic available in the day are counted to prepaid unit increments of 1KB . Any Internet traffic not consumed in the day is reset .', 0),
(23, 'Monitoring Costs and Payments', 'Mobile', 'Surf the Internet', 'Protection and block threshold for traffic data', 'TIM allows you to protect your monthly spending to surf the Internet with your mobile phone , tablet or stick giving you also the possibility to block the data traffic .\r\nIn case you have not activated one of our data and perform web browsing , the protection threshold , which is automatically activated on all lines , will monitor your monthly expenditure and in case of reaching the amount of &euro; 60 ( VAT included) the line will be locked to the data traffic to protect you , while the voice service and sMS continue to operate .', 0),
(24, 'Monitoring Costs and Payments', 'What you can do online', 'Landline', 'My bill online', 'It '' a free service that allows you to display the line of your bill sets directly online , even before it is delivered to the home via mail.\r\nUsing the service " My Account " you can also choose not to receive your invoice on paper , thus saving the costs , if they have requested the domiciliation of bank account / postal payments .', 1),
(25, 'Monitoring Costs and Payments', 'What you can do online', 'Landline', 'Documentation of consumption', 'It is a free service and upon request and help you get every month with your bill , the details of phone calls made and services used .\r\n\r\nReport calls made from your phone line indicating the type of call ( eg . Local , long distance , etc . ) Bid in which the call is part of the date , time, number dialed with the latest figures asterisked , the tariff range , duration and cost.', 1),
(26, 'Monitoring Costs and Payments', 'What you can do online', 'Mobile', 'Check online your traffic', 'By accessing the Mobile MyTIM of our site you can check the details related to the carried traffic consumption .\r\n\r\n-If You have a prepaid line : you can check the details of the traffic carried from the previous day and up until the last two months of the date of consultation .\r\n \r\n-If You have a subscription : besides checking the balance of consumption in progress billing , you can check online and download the pdf of the telephone calls made ​​within 90 days . the expiry date of the invoice reference .', 0),
(27, 'Technical support', 'Smartphone and Tablet', 'Service for your smartphone', 'Techical support specialized for your smartphone', 'SOSsmartphone is the TIM service to all customers , or Rechargeable Subscription , you have to receive specialized , personalized technical assistance for the management of your smartphone or tablet .\r\n\r\nThanks to SOSsmartphone service you can talk to an expert who will give you all the advice and "premium " service that you require and that above will be able to remotely connect and operate directly on your device.', 0),
(28, 'Technical support', 'Smartphone and Tablet', 'Service for your smartphone', 'Discount for changing a smartphone', 'Do you want a new smartphone ?\r\n\r\nBring us your old phone , now worth a discount on new!\r\n\r\nBy TIM Rate service can be evaluated for free and without obligation on your mobile , smartphone or tablet . Receive an immediate discount to be used as best wishes : to purchase a new mobile phone , smartphone , tablet , stick , Internet Pack , or Reload telephone TIM . The service is open to all!', 0),
(29, 'Technical support', 'Smartphone and Tablet', 'Activate or deactivate phone services', 'Mail configuration on iPhone', 'To add your Alice mail account on iPhone, tap the Settings icon from the menu.\r\nIn the Settings:\r\n- choose the voice mail , contacts , calendars\r\n- then Add Account ...\r\n- from the list of providers visit Others.\r\nTouch Add account Mail.\r\nFill in the fields with your details of the Alice mailbox:\r\n   - Name: Enter a name of your choice ;\r\n   - Address : your full address of the domain @ alice.it ;\r\n   - Password : enter your email password ;\r\n   - Description : Enter a name to specify this account ( Alice , Home, Office , ... ) .\r\nFinally, tap the Next button.\r\nThe iPhone in the next steps automatically checks the account''s existence and proper functioning of the incoming mail server and outgoing :\r\n- If you see the following warning at the end of the audit ; It touches the button to complete the configuration.\r\nTo access the mailbox tap the Mail icon from the main menu and select your account.\r\nN.B. iPhone configures your alice box automatically according to the protocol IMAPche keeps synchronized your mail with the mail server ; in this way also delete your messages from the server occurs only when you make cancellation iPhone . We''ll want to keep this setting .\r\n \r\nIf you need to configure the email on POP3 protocol click below on '' Configure POP3 ''.\r\n \r\nIf you still find it difficult in the configuration, we inform you that our service is available for a fee PC SOS Service : technical agree a personalized intervention personnel to optimally configure your iPhone .', 1),
(30, 'Technical support', 'Smartphone and Tablet', 'Activate or deactivate phone services', 'Mail configuration on Android', 'To configure the mailbox it is necessary that the Internet connection is active , your mobile device it will connect to the server to check your entries .\r\n\r\nYou can use your Alice box on your Android device according to the IMAP or POP3 .\r\n\r\nWe recommend that you configure your device with the IMAP protocol, as it allows you to keep in sync your mail with the mail server ; in this way also delete your messages from the server occurs only when you make the removal from your device.\r\n\r\nTo start touch the Applications menu and then Email.\r\nTap Add Account , on the next screen enter your email address @ alice.it , your password and tap Next.\r\nTap the type of protocol you wish to configure : IMAP or POP3 , then verify that the following fields shown in the display are correct , like the image , and then tap Next :\r\nUsername : your email address\r\nPassword : your password ( not visible )\r\nIMAP server (or POP3 ) : in.alice.it\r\nPort: 143 for IMAP or 110 for POP3.\r\nIf the data you''ve entered are correct , verify the configuration of the outgoing mail server , like the image , and then tap Next :\r\nSMTP server: out.alice.it\r\nPort: 587\r\nRequest access : selected\r\nUsername : your email address\r\nPassword : your password ( not visible )\r\nEnter the name for your account and the name that will appear in your e-mail messages sent and tap Done to complete the configuration.\r\nIf you still find it difficult in the configuration, we inform you that our service is available for a fee PC SOS Service : technical staff will arrange a personalized intervention to configure your mobile device in an optimal manner.', 0),
(31, 'Technical support', 'Landline', 'Problems with the landline', 'I can''t receive calls', 'If you can not , nor to call , or to receive phone calls , lift the handset and closely assess what kind of plays signal. According to the voice you heard , follow the recommended directions to identify the cause of the problem .\r\n\r\nI do not hear any noise\r\nYou hear a rustling\r\nYou hear a continuous sound\r\nYou hear an automated message\r\nYou hear the busy tone\r\nYou hear the dial tone , but after dialing a number listening a " fast busy signal "\r\nYou hear the dial tone , but after dialing a number listening message and the call is forwarded\r\nYou hear the dial tone , but after dialing a number the call is forwarded', 1),
(32, 'Technical support', 'Landline', 'Problems with the landline', 'I can''t call', 'If you can not make calls but receive phone calls , lift the handset and closely assess what kind of plays signal. According to the voice you heard , follow the recommended directions to determine the cause of the problem .\r\n\r\nYou hear a continuous sound\r\nYou hear an automated message\r\nYou hear the dial tone , but after dialing a number listening a " fast busy signal "\r\nYou hear the dial tone , but after dialing a number listening message and the call is forwarded\r\nYou hear the dial tone , but after dialing a number the call is forwarded', 0),
(33, 'Technical support', 'Landline', 'Problems with the landline', 'Noisy line', 'Try unplugging from outlets all phones defined in your home , turn off the modem if you have ADSL and connecting a traditional telephone (not Corless ) on the main socket (usually the nearest entrance of your home ) :\r\n\r\nNow if you can call and receive calls , your problem is due to a filter or the type of your domestic installation .\r\nbut if you continue to experience the problem , please contact Support with Call Now or click on Open Report and , after entering the phone number of the line for which you require assistance , please fill out the form , choose as type of problem and noisy Line click Submit.', 0),
(34, 'Technical support', 'ADSL', 'Fiber', 'First installation', 'If you''ve enabled TIM SMART offer FIBER option with self-installing , follow the instructions in the guides and in the video for the first modem connection Fiber TIM and phones.', 0),
(35, 'Technical support', 'ADSL', 'Fiber', 'Modem fiber - How to set up', 'TIM Fiber Modems are used to manage VoIP telephony services , where present such offer , and connecting 2 phones to the doors and Line1 Line2 } . Follow the instructions of the guides to check the correct connection of devices , manage your wi - fi network and connections to external devices.', 1),
(36, 'Technical support', 'ADSL', 'Modem ADSL', 'ADSL 2+ WiFi N - DA2210', 'The ADSL2 + Wi - Fi N - DA2210 allows connection to the Internet up to 20 Megabits .\r\nE '' it equipped with a USB port to connect and share Master , in your network , printers , hard drives or flash drives . The modem is compatible with Windows XP and later , Mac OS 10.5 and above and Linux .\r\n\r\nAfter the first start , according to the subscribed services , it is configured automatically for proper operation .', 1),
(37, 'Technical support', 'ADSL', 'Modem ADSL', 'ADSL 2+ WiFi N ', 'The modem Telecom Italy ADSL 2+ Wi - Fi N allows connection to the Internet up to 20 Megabits .\r\nE '' it equipped with a USB port to connect and share Master , in your network , printers , hard drives or flash drives. The modem is compatible with Windows XP and later , Mac OS 10.3 and above and Linux.\r\n\r\nAfter the first start , according to the subscribed services , it is configured automatically for proper operation.', 0),
(38, 'Technical support', 'ADSL', 'Wi-Fi repeater', 'Powerline Adapter', 'To overcome the wi - fi signal coverage problems you can use the Powerline Adapter devices that allow you to connect any device ( eg . Decoder , PCs, game consoles , printers , etc. ) to the modem Telecom Italian using home wiring .\r\n\r\nIn this way the home power grid becomes network to browse and transmit at speeds of up to 200 Mbps and confidentiality of data guaranteed through a special encryption system, without using long Ethernet cables and without installing additional software .', 0),
(39, 'Technical support', 'Navigation', 'Navigation settings', 'Browser configuration', 'The navigation might be caused by incorrect configuration of the proxy server on your application for surfing the Internet ( browser ) .\r\n\r\nTo navigate properly it is necessary that the proxy is disabled .\r\n\r\nChoose your browser from the following list and follow the signs to check the proxy configuration.\r\nThe setting of high levels of protection and browser privacy could inhibit the correct display of some sites .\r\n\r\nWe''ll want to bring levels to the defaults and see if the problem persists .\r\n\r\nTo learn about modifying the levels of protection and privacy , choose your browser from the following list and follow the guide.', 0),
(40, 'Technical support', 'Navigation', 'Navigation settings', 'Firewall configuration', 'To navigate optimally , check whether your computer has a firewall installed and active protection program . These programs , in fact , if not properly configured can cause the navigation block or prevent access to certain Internet services (eg consultation of electronic mail ) .\r\n\r\nIf you do not surf and there is a security software , try to check the configuration and disables all options for the virus or control of Internet traffic carried .\r\n\r\nTry disabling or uninstalling your security software to see if the navigation continues.\r\n\r\nIf you use one of the following Telecom Italian security software , testing how to properly configure the firewall .', 0),
(41, 'Technical support', 'Navigation', 'Problems', 'Can''t connect to internet', 'Check the ADSL signal presence\r\nshareprint\r\n\r\nThe router must be connected to both the power outlet and the telephone line using the appropriate cables . If the ADSL signal is detected , the corresponding LED will light ADSL :\r\n\r\nIf the LED is not on or flashing , check the functioning of your telephone system .\r\n\r\nWarning : the use of derived plugs and / or extensions telephone deteriorates the ADSL signal and can cause it to go undetected .\r\n\r\nVerify that the ADSL LED is continuously lit after unplugging all devices connected to the system (telephones , faxes , answering machines , etc ... ) and leaving only connected the ADSL router you use.\r\nIf the router all the LEDs are turned on a regular basis , but you still can not connect.', 0),
(42, 'Technical support', 'Navigation', 'Problems', 'Slow connection', '\r\nCheck presence firewall and antivirus\r\nshareprint\r\n\r\nCheck if your computer is installed and activated a security firewall or antivirus program .\r\n\r\nSuch programs , if incorrectly configured , could cause the navigation block or prevent access to certain Internet services (eg consultation of electronic mail ) .\r\n\r\nIf there is a security software , try to check the configuration and disables all options for the virus or control of Internet traffic carried .\r\n\r\nTry to disable or completely uninstall your security software to see if the navigation continues.\r\n\r\nIf you have not installed programs or even disabling the problem persists.', 0),
(43, 'Smart Life', 'Sky', 'Discover Sky', 'What is Sky', 'There''s a new way to have Sky. Just plug the My Sky Fiber or ADSL fast. Without installing the dish.\r\n\r\nSky TV: The most complete range of TV series on Sky Atlantic and Fox, with the series most watched and awarded all over the world and the great Sky.Tanti original productions interesting programs in art, cooking, music, travel, lifestyle, stories from the world of sport and major events internazionale.Le news from Italy and the world of Sky TG24, and sports 24 hours 24 insights on Sky Sport 24.\r\n\r\nSky Family: Programs safe, fun and educational for kids of all ages, even in inglese.Tutti Disney channels, spectacular documentaries on Discovery Channel and National Geographic Channel and insights of History, exciting stories, incredible professions and science programs and technology. In addition the best national music, international and big concerts.\r\n\r\nSky Box Sets: Sky Box Sets is the novelty of Sky that offers you the best TV series, to see season after season, all of My Sky. You have the full seasons of the most popular TV series such as Mad Men, Twin Peaks, and a look at the previous seasons of TV series on the air, like Gomorrah.\r\n\r\nSky Cinema: A unique offer, with 12 channels dedicated to the great cinema, to meet all your passions. The event channels dedicated to unforgettable film sagas, such as Sky Cinema 007, Sky Cinema Star Wars and many others.All in HD, without commercial breaks, and also in the original language.\r\n\r\nSky Sports: unique sports offering with all F1® live and exclusive MotoGP ™, the UEFA Europa League and the Premier League, the International Fox Sports football, basketball Beko Serie A and the Euroleague, everything exclusive. In addition, the big tennis tournaments, rugby and golf.\r\n\r\nSky Football: Only on Sky all Serie A TIM and exclusively all Serie B ConTe.it for a unique coverage in Italy until 2018.', 0),
(44, 'Smart Life', 'Sky', 'Devices', 'Know the app', 'Only with My Sky can finally decide to live TV as and when you want to adapt the vision of the content you love to your needs:\r\n\r\nRecord programs you love with a single remote control button and see them whenever you want.\r\n\r\nPause also live\r\n\r\nRestart you start from the beginning with the programs already aired\r\n\r\nAnd Sky On Demand you have a video library with thousands of titles to date, to see when you want, for free. 1000 films of all kinds, the most popular TV series, the big show of the moment, spectacular documentaries, children''s programs.\r\n\r\nThanks to ADSL / TIM Fiber Optics, related services restart and Sky On Demand are available immediately, just press the red button on the remote.\r\n\r\nOptional services Sky HD and Sky 3D are always activated for customers who subscribe to Sky TIM offer with the TIM Fiber. In case of ADSL you can request only if the connection speed is sufficient to support the high quality of vision. For more information call 187.', 0),
(45, 'Smart Life', 'Sky', 'Manage the service', 'How to manage the proper subscription', 'For you the big show and innovation of Sky from only 14 &euro; / month more for the first 18 months.\r\n\r\nIf you join TIM Sky before 31 July 2016 you can have:\r\n\r\n My Sky TV to see how and when you want and Sky On Demand , a video library with thousands of titles at your disposal .\r\n\r\n Sky TV with 38 exclusive entertainment channels only 14 &euro; / month for the first 18 months, or Sky + TV package a choice of Sky Movies , Sky Sports and Sky Calcio at &euro; 26.90 / month for the first 18 months. You can also add to the bid Sky Family Sky + HD to 5 &euro; / month for the first 18 months instead of &euro; 11 .\r\n\r\n Sky Box Sets is the novelty of Sky that offers you the best TV series , season after season , all of My Sky .\r\n\r\nPlus you can get Sky My Sky Link to connect via Wi - Fi to 30 &euro; .\r\n\r\nIf you are client access, you will have included in the offer :\r\n\r\nSuperinternet Plus , to sail up to 20 Mega', 0),
(46, 'Smart Life', 'Netflix', 'Discover Netflix', 'What is Netflix', 'Original series , comedies , dramas and children''s programs , you can watch your favorite TV series and movies instantly streamed to any device you choose . The offer TV we expected some time for the wide variety of content , to see when and where you want with quality of Network TIM and without constraints , available directly on the home TV through the decoder TIMvision with HD quality.', 0),
(47, 'Smart Life', 'Netflix', 'Devices', 'Know the app', 'By TIM access Netflix world in an easy and immediate with TIMvision decoder . For TIM customers need no credit card to Netflix . You pay the invoice conveniently TIM and keep costs under control . You can watch Netflix at any time , without commercial interruptions . An easy and fast with three packages to choose from subscription .', 0),
(48, 'Smart Life', 'Netflix', 'Manage the service', 'How to manage the proper subscription', 'On the Netflix website you can manage your subscription.', 0),
(49, 'Smart Life', 'Chromecast', 'Discover Chromecast', 'What is Chromecast', 'With Chromecast , your phone becomes a remote control . Search and play your favorite content on the TV screen , pause , and more, right from your smartphone.', 1),
(50, 'Smart Life', 'Chromecast', 'Devices', 'How to install Chromecast on your tv', 'Chromecasts connects the power supply provided and to an HDMI input on your TV;\r\nConnect the adapter to a convenient power socket;\r\nTurn on the TV;\r\nDownload the App "Chromecasts" from the App Store on your smartphone / tablet;\r\nStart the app to read Privacy and Terms of Use;\r\nEnter the App Chromecasts and choose the "Set up a new Chromecast" option. Follow the steps that are required to you and complete the configuration;\r\nMake sure that the code on the device matches the code shown on the TV screen. The touches code that is displayed on your device;\r\nTap Set Name to change the name of your Chromecast device eliminating the current name and typing a new name you''ve chosen;\r\nTap Set network. Choose the Wi-Fi network you want to connect Chromecast device. Enter the password of the Wi-Fi network on your modem at home;\r\nIf Chromecast needs an update, it will automatically update on this occasion and will notify you when the update is completed;\r\nDownload or update the App TIMvision;\r\nLogin and register the App TIMvision with your username and password;\r\nAre you ready to broadcast on TV at home the TIMvision content: click on the icon of Chromecasts present in the upper right corner of the TIMvision;\r\nIn Pack shows information for installing the device, which can also be found on the site http://www.google.com/chromecast/setup/', 0);

-- --------------------------------------------------------

--
-- Struttura della tabella `assistance_for_device`
--

CREATE TABLE IF NOT EXISTS `assistance_for_device` (
  `idassistance` int(11) NOT NULL,
  `iddevice` int(11) NOT NULL,
  PRIMARY KEY (`idassistance`,`iddevice`)
) ENGINE=MyISAM DEFAULT CHARSET=utf8 COLLATE=utf8_bin;

--
-- Dump dei dati per la tabella `assistance_for_device`
--

INSERT INTO `assistance_for_device` (`idassistance`, `iddevice`) VALUES
(1, 16),
(2, 16),
(3, 16),
(6, 1),
(6, 8),
(6, 11),
(6, 15),
(7, 5),
(7, 15),
(8, 6),
(8, 10),
(8, 15),
(9, 2),
(9, 7),
(9, 9),
(9, 12),
(9, 19),
(10, 8),
(11, 7),
(11, 10),
(18, 1),
(18, 6),
(18, 10),
(18, 11),
(19, 5),
(19, 9),
(19, 11),
(19, 15),
(20, 1),
(20, 8),
(20, 15),
(21, 5),
(21, 15),
(22, 1),
(22, 6),
(22, 7),
(22, 9),
(23, 6),
(23, 10),
(26, 5),
(26, 9),
(27, 7),
(27, 11),
(28, 8),
(28, 11),
(29, 1),
(29, 2),
(29, 8),
(29, 19),
(30, 5),
(30, 6),
(30, 7),
(30, 9),
(30, 10),
(30, 12),
(31, 16),
(32, 16),
(33, 16),
(34, 4),
(35, 4),
(36, 4),
(37, 4),
(38, 17),
(41, 4),
(42, 4),
(43, 14),
(46, 14),
(49, 14);

-- --------------------------------------------------------

--
-- Struttura della tabella `compatible_sl_device`
--

CREATE TABLE IF NOT EXISTS `compatible_sl_device` (
  `idsl` int(11) NOT NULL,
  `iddevice` int(11) NOT NULL,
  PRIMARY KEY (`idsl`,`iddevice`)
) ENGINE=MyISAM DEFAULT CHARSET=utf8 COLLATE=utf8_bin;

--
-- Dump dei dati per la tabella `compatible_sl_device`
--

INSERT INTO `compatible_sl_device` (`idsl`, `iddevice`) VALUES
(1, 1),
(1, 2),
(1, 6),
(1, 7),
(1, 8),
(1, 9),
(1, 10),
(1, 12),
(1, 14),
(1, 19),
(2, 1),
(2, 2),
(2, 6),
(2, 7),
(2, 8),
(2, 9),
(2, 10),
(2, 12),
(2, 14),
(2, 19),
(3, 1),
(3, 2),
(3, 6),
(3, 7),
(3, 8),
(3, 9),
(3, 10),
(3, 12),
(3, 14),
(3, 19),
(4, 3),
(4, 13),
(7, 1),
(7, 2),
(7, 5),
(7, 6),
(7, 7),
(7, 8),
(7, 9),
(7, 10),
(7, 11),
(7, 12),
(7, 19),
(11, 1),
(11, 2),
(11, 5),
(11, 6),
(11, 7),
(11, 8),
(11, 9),
(11, 10),
(11, 11),
(11, 12),
(11, 19);

-- --------------------------------------------------------

--
-- Struttura della tabella `Device`
--

CREATE TABLE IF NOT EXISTS `Device` (
  `id` int(4) NOT NULL AUTO_INCREMENT,
  `category` enum('smartphone','modem networking','tablet','smart accessories') COLLATE utf8_bin NOT NULL,
  `subcategory` enum('iphone','ipad','smartwatch','modem','smarttv','smartphone','mobilephone','cordless','repeater','internetkey','tablet') COLLATE utf8_bin NOT NULL,
  `brand` text COLLATE utf8_bin NOT NULL,
  `model` text COLLATE utf8_bin NOT NULL,
  `description` text COLLATE utf8_bin NOT NULL,
  `tech` text COLLATE utf8_bin NOT NULL,
  `price` int(4) NOT NULL,
  `image` varchar(10000) COLLATE utf8_bin NOT NULL,
  `old_price` int(11) DEFAULT NULL,
  `image_promotion` varchar(200) COLLATE utf8_bin DEFAULT NULL,
  PRIMARY KEY (`id`)
) ENGINE=MyISAM  DEFAULT CHARSET=utf8 COLLATE=utf8_bin AUTO_INCREMENT=20 ;

--
-- Dump dei dati per la tabella `Device`
--

INSERT INTO `Device` (`id`, `category`, `subcategory`, `brand`, `model`, `description`, `tech`, `price`, `image`, `old_price`, `image_promotion`) VALUES
(1, 'smartphone', 'iphone', 'Apple', 'iPhone 6s', 'With 3D Touch, Live Photos, 7000 Series aluminum, A9 chip, advanced cameras, 4.7–inch Retina HD display, and so much more, you’ll see how with iPhone 6s, the only thing that’s changed is everything. The iPhone 6s comes in 16GB, 64GB & 128GB. Available in Space Gray, Silver, Gold or Rose Gold.', 'Standby Time:Up to 10 days\r\nUsage Time:Up to 14 hrs\r\nCamera:12 MP             \r\nWeight:5.04 oz\r\nWidth:2.64 in   \r\nHeight:5.44 in\r\nScreen:4.7-inch (diagonal) LED-backlit widescreen next-generation Multi-Touch display with IPS technology and Taptic Engine   \r\nBattery:Built-in rechargeable lithium-ion		\r\nOperating System:Apple iOS 9			\r\nColors:Space Gray, Silver, Gold, or Rose Gold (Subject to availability)			\r\nStorage:16 GB, 64 GB, or 128 GB (Subject to availability)		\r\nNetwork:GSM/EDGE, UMTS/HSPA+, DC-HSDPA, CDMA EV-DO Rev. A; Activate Advanced Calling 1.0 to experience Simultaneous Voice & Data			\r\nHD Voice:Experience HD Voice and Simultaneous Voice & Data. Enable Wi-Fi Calling and make calls anywhere you have a Wi-Fi Connection (available on iOS 9.3 or greater).', 759, 'http://youcall.altervista.org/img/device/iphone6s.jpg', 850, 'http://youcall.altervista.org/img/device/iphone6sprom.jpg'),
(2, 'tablet', 'ipad', 'Apple', 'iPad pro 9.7''''', 'The 9,7-inch iPad Pro delivers an unprecedented combination of portability and performance. Powered by the A9X chip and featuring the brightest, most advanced Retina display, it’s only 6,1mm thin and weighs less than a pound. When you add Apple Pencil with its pixel-perfect precision, and the incredibly thin Smart Keyboard, iPad Pro becomes even more versatile.', 'Usage Time:Up to 10 hrs\r\nCamera:12 MP\r\nWeight:15.36 oz\r\nWidth:6.6 in\r\nHeight:9.4 in\r\nScreen:9.7-inch (diagonal) LED-backlit Multi-Touch display\r\nBattery:Built-in rechargeable lithium-polymer\r\nOperating System:Apple iOS 9\r\nColors:Space Gray, Silver, Gold, or Rose Gold (Subject to availability)\r\nStorage:32 GB, 128 GB, or 256 GB (Subject to availability)\r\nNetwork:UMTS/HSPA/HSPA+/DC-HSDPA (850, 900, 1700/2100, 1900, 2100 MHz); GSM/EDGE (850, 900, 1800, 1900 MHz); CDMA EV-DO Rev. A and Rev. B (800, 1900 MHz); LTE Advanced (Bands 1, 2, 3, 4, 5, 7, 8, 12, 13, 17, 18, 19, 20, 25, 26, 27, 28, 29, 30, 38, 39, 40, 41)', 729, 'http://youcall.altervista.org/img/device/ipad3.jpg', NULL, NULL),
(3, 'smart accessories', 'smartwatch', 'Samsung', 'Galaxy watch', 'Meet the Samsung Gear S2 classic, crafted for those who want a smartwatch with a fashionable, classic design. This full-feature, connected smartwatch boasts an elegant, circular face, comfortable stainless steel body and a genuine leather band. The rotating bezel provides effortless navigation. Retrieve notifications at a glance, even when your smartphone isn''t handy. The Gear S2 classic where function meets style. ', 'Compatible Devices:Compatible with select devices using Android 4.4 and later with at least 1.5GB RAM.  Supported devices may vary by carrier and device.  Some features may not be available.  For best results, connect with compatible Samsung Galaxy devices.\r\nStandby Time:3 days\r\nUsage Time:15 hrs\r\nWeight:1.90 oz\r\nHeight:1.73 in\r\nWidth:1.84 in\r\nDepth:0.53 in\r\nBattery:300mAh, Wireless induction charging\r\nColor:Black (Subject to Availability)\r\nDesign:1.2” Circular sAMOLED 302 ppi\r\nAudio:Formats: MP3, M4A, 3GA, OGG, OGA, WAV, WMA, AMR, MP3/AAC/AMR, Vorbis, WMA\r\nVideo:Formats: 3GP, MP4, M4V, ASF, AVI; Codec: H.263, H264 HP(level 4.0), MPEG4, 30fps, max bitrate: 20 \r\nFeatures:OS Platform: Tizen 2.3; Phone Calls, Music Player, Navigation, S Health, Gallery, Wireless Charging, IP68\r\nLanguages Supported:English, Spanish, Korean, Chinese, Vietnamese\r\nConnectivity:3G Technology; Bluetooth v4.1, USB 2.0, NFC, Wi–Fi: 802.11 b/g/n/e (2.4GHz)\r\nSAR Body:4.0 W/kg(10gm) Head: 1.6 W/kg (1gm)\r\nProcessor:MSM8626 (1.0 GHz Dual Core)\r\nPreloaded apps:Basic: Phone, Contacts/Buddy, Messages, Email, Schedule, Weather, Alarm, Timer, Stopwatch, World ClockHealth: S Health, Nike+ RunningMedia: Music Player, Milk Music, Gallery Tools: Find my Phone, Settings, S Voice, Recent App, Bloomberg, Maps + HereP', 349, 'http://youcall.altervista.org/img/device/gears2.jpg', 449, NULL),
(4, 'modem networking', 'modem', 'AVM', 'Fritzbox 3272', 'The FRITZ!Box 3272 is perfect for digital entertainment, with high-speed wireless LAN and a built-in media server making home networking more fun. What’s more, it’s exceptionally energy-efficient and can be regularly enhanced with free updates.', 'Dimensions:210 x 155 x 37 mm\r\nInternet:DSL router with firewall/NAT, DHCP server, DynDNS client, UPnP AV, Support for IPv6, Router operation even at a cable modem, glass fiber connection or with a 3G/4G dongle (LTE/UMTS/HSPA)\r\nWireless LAN:Wireless networks compliant with 802.11n (up to 450 Mbit/s gross; 2.4 GHz) and 802.11b/g (up to 150 Mbit/s gross; 2.4 GHz)\r\nSecurity:Compatible with Wireless 802.11g and b (11, 54, 150, 300 Mbit/s), secure ex works with WPA2 encryption, AVM Stick & Surf: automatic security for wireless surfing\r\nOperating System:FRITZ!OS\r\nInterfaces:2 x gigabit Ethernet (10/100/1000 Base-T), 2 x Fast Ethernet (10/100 Base-T)', 90, 'http://youcall.altervista.org/img/device/fritzbox.jpg', NULL, NULL),
(5, 'smartphone', 'smartphone', 'Samsung', 'Galaxy s7', 'The Samsung Galaxy S7 unlocks a Galaxy of technology that takes your smartphone experience to a new level. The bigger, more stunning screen completes the slimmer design.* Why not have a phone that’s water resistant, too? Galaxy S7 withstands splashes, spills and even dunks.** Capture the moment like a professional with dual–pixel technology, offering faster autofocus* and low–light sensor. Combine that with a longer–lasting battery*** and expandable memory,+ and you have a device that’s more than a smartphone. It’s a Galaxy. The Galaxy S7 comes in 32GB. Available in Black Onyx or Gold Platinum. (Subject to availability)', 'XLTE Ready:Doubling our 4G LTE bandwidth in cities coast to coast\r\nWorld Device:Works in over 200 countries\r\nStandby Time:Up to 12 days\r\nUsage Time:Up to: 27 hrs\r\nCamera:12 MP\r\nWidth:2.74 in\r\nWeight:5.36 oz\r\nHeight:5.61 in\r\nScreen:5.1” Quad HD, Super Amoled, 577 PPI; Full Touch Bar\r\nBattery:3,000mAH, Non-removable\r\nOperating System:Android Marshmallow (6.0.1)\r\nStorage:RAM 4G, Flash 32GB (Actual formatted capacity is less)\r\nExpandable Memory:Removable microSD up to 256GB (sold separately)\r\nColors:Black Onyx or Gold Platinum (Subject to availability)\r\nSAR:Head 1.24 W/kg; Body 1.41 W/kg\r\nHearing Aid Compatibility:M4/T3\r\nNetwork:CDMA 1X and EvDO Rev 0/RevA; LTE (Domestic) B13, B4, B2, B5\r\nGlobal Network:LTE (Global) B3, B7, B20; GSM Quad B5, B8, B3, B2 (850/900/1800/1900Mhz) UMTS Quad B5, B8, B2, B1 (850, 900, 1900, 2100 MHz); TDS CDMA 34, 39 TDD LTE 38, 39, 40, CAT 4 / CAT 6 / (CAT 9 capable)\r\nProcessor:Qualcomm Snapdragon 820 Quad Core processor (MSM8996, Quad-Core, 2.15GHz + 1.6GHz)\r\nHD Voice:Experience HD Voice, Video Calling and Simultaneous Voice & Data. Enable Wi-Fi Calling and make calls anywhere you have a Wi-Fi connection.', 672, 'http://youcall.altervista.org/img/device/s7.jpg', 800, 'http://youcall.altervista.org/img/device/galaxys7prom.jpg'),
(6, 'smartphone', 'smartphone', 'Motorola', 'Droid turbo', 'Rise to the moment with Droid Turbo by Motorola. Get a turbo processor with 2.7 GHz speed. Keep going all day and night with Turbo charging and up to 48-hour battery life*. See every detail with the 5.2-inch Quad HD display and 21-megapixel camera. With Ballistic Nylon, it''s as strong as it is quick. Only on Verizon.  The Droid Turbo comes in 32GB or 64GB. Available in Black Ballistic Nylon.', 'World Device:Works in over 200 countries\r\nStandby Time:Up to 28 days\r\nUsage Time:Up to 48 hrs\r\nCamera:21 MP\r\nFront Camera:2 MP\r\nWidth:2.89 in\r\nWeight:5.96 oz\r\nHeight:5.56 in\r\nScreen:5.2" Quad HD Super AMOLED Corning Gorilla Glass 3 Display with 2560 x 1440, 565 ppi\r\nBattery:3900 mAh\r\nColors:Black Ballistic Nylon\r\nOperating System:Android 5.1 Lollipop\r\nStorage:32 GB or 64 GB (Subject to availability)\r\nNetwork:LTE Band 13/4 (700/1700 MHz), CDMA/1xEVDO Rev. A (800/1900 MHz); Activate Advanced Calling 1.0 to experience Simultaneous Voice & Data\r\nGlobal Network:EDGE/GSM (850/900/1800/1900), HSPA/UMTS(850/900/1900/2100)\r\nSAR:1.39 W/kg Body: .50 W/kg\r\nHearing Aid Compatibility:M4/T3 for CDMA/LTE/GSM/UMTS air interfaces\r\nBox:Recycled Content, FSC/SFI Paper	50%, 0%\r\nDevice Plastics:Recycled Content 0%\r\nEnergy Efficient:Yes\r\nRecyclable Device:Yes\r\nUL Environment Certified Level:Certified\r\nHD Voice:HD Voice and Video Calling; Activate HD Voice to experience Simultaneous Voice and Data', 199, 'http://youcall.altervista.org/img/device/MotorolaDroidTurbo.jpg', NULL, NULL),
(7, 'smartphone', 'smartphone', 'Samsung', 'Galaxy S7 Edge', 'The Samsung Galaxy S7 edge is the smartphone you’ll want to brag about. It provides a bigger, more stunning screen without compromise.* Galaxy S7 edge is lightweight and is encapsulated by an envious, dual curved edge design. Get richer content support with the extended edge panel, and use the Task Edge to quickly access frequently used commands. Galaxy S7 edge resists splashes, spills and even dunks.** Plus, it has a dual–pixel camera with incredibly fast auto–focus,* a longer–lasting battery*** and a larger expandable memory.+ The Galaxy S7 edge comes in 32GB. Available in Black Onyx, Gold Platinum, or Silver Titanium. (Subject to availability)', 'Standby Time:Up to 14 days\r\nUsage Time:Up to 33 hrs\r\nCamera:12 MP\r\nWidth:2.85 in\r\nWeight:5.53 oz\r\nHeight:5.94 in\r\nScreen:5.5” Quad HD, Super Amoled, 535 PPI; Full Touch Bar\r\nBattery:3,600mAH, Non-removable\r\nOperating System:Android Marshmallow (6.0.1)\r\nStorage	RAM:4G, Flash 32GB (Actual formatted capacity is less)\r\nExpandable Memory Removable microSD up to 256GB (sold separately)\r\nColors:Black Onyx, Gold Platinum, or Silver Titanium (Subject to availability)\r\nSAR:Head 1.03 W/kg; Body 1.39 W/kg\r\nHearing Aid Compatibility:M4/T3\r\nNetwork:CDMA 1X and EvDO Rev 0/RevA; LTE (Domestic) B13, B4, B2, B5\r\nGlobal Network:LTE (Global) B3, B7, B20; GSM Quad B5, B8, B3, B2 (850/900/1800/1900Mhz) UMTS Quad B5, B8, B2, B1 (850, 900, 1900, 2100 MHz); TDS CDMA 34, 39 TDD LTE 38, 39, 40, CAT 4 / CAT 6 / (CAT 9 capable)\r\nProcessor:Qualcomm Snapdragon 820 Quad Core processor (MSM8996, Quad-Core, 2.15GHz + 1.6GHz)', 799, 'http://youcall.altervista.org/img/device/Samsungs7edge.jpg', NULL, NULL),
(8, 'smartphone', 'iphone', 'Apple', 'iPhone 6s Plus', 'With 3D Touch, Live Photos, 7000 Series aluminum, A9 chip, advanced cameras, 5.5–inch Retina HD display, and so much more, you’ll see how with iPhone 6s Plus, the only thing that’s changed is everything. The iPhone 6s Plus comes in 16GB, 64GB & 128GB. Available in Space Gray, Silver, Gold or Rose Gold. (Subject to availability)', 'Standby Time:Up to 16 days\r\nUsage Time:Up to 24 hrs\r\nCamera:12 MP\r\nWeight:6.77 oz\r\nWidth:3.07 in\r\nHeight:6.23 in\r\nScreen:5.5" (diagonal) LED-backlit widescreen next-generation Multi-Touch display with IPS technology and Taptic Engine\r\nBattery	Built-in rechargeable lithium-ion\r\nOperating System:Apple iOS 9\r\nColors:Space Gray, Silver, Gold, or Rose Gold (Subject to availability)\r\nStorage:16 GB, 64 GB, or 128 GB (Subject to availability)\r\nHearing Aid Compatibility:M3/T4\r\nNetwork:GSM/EDGE, UMTS/HSPA+, DC-HSDPA, CDMA EV-DO Rev. A; Activate Advanced Calling 1.0 to experience Simultaneous Voice & Data', 749, 'http://youcall.altervista.org/img/device/6splus.jpg', NULL, NULL),
(9, 'smartphone', 'smartphone', 'LG', 'G5', 'Life''s Good When you Play MoreTransform your phone to do more than you ever imagined possible with innovative audio, visual, and functional modules that let you express your individuality and creativity. Capture moments in epic, more-than-the-eye-can-see 135 degrees. The "always-on" 5.3-inch display lets you see the time, date and important notifications without waking the phone. Introducing the LG G5 32GB in Titan or Silver (subject to availability).', 'Standby Time:Up to 16.5 days\r\nUsage Time:Up to 27 hrs\r\nCamera:16 MP\r\nWidth:2.91 in\r\nWeight:5.61 oz\r\nHeight:5.88 in\r\nScreen:5.3" IPS Quantum QHD Display (2560 x 1440 pixels) with 554 ppi and 430 nit Corning Gorilla Glass 4 Protection\r\nBattery	2,800 mAh Removable\r\nOperating System:Android Marshmallow (6.0.1)\r\nStorage	RAM:4G, Flash 32GB (Actual formatted capacity is less)\r\nExpandable Memory:Supports up to 2 TB microSD Card (sold separately)\r\nColors:Silver or Titan (Subject to availability)\r\nSAR	Head:1.10 W/kg Body-worn/Hotspot 1.06 W/kg\r\nHearing Aid Compatibility:M3/T3\r\nNetwork:CDMA, LTE, GSM	Frequencies: 1.9 GHz CDMA PCS, 800 MHz CDMA, GSM 850/900/1800/1900 MHz, UMTS Quad B5, B8, B2, B1 (850, 900, 1900, 2100 MHz), LTE Bands 2/3/4/5/7/13	Data Transmission: EVDO, EVDO Rev. A, 1xRTT, LTE\r\nProcessor:Qualcomm Snapdragon 820 with 2.15 GHz Quad-Core Custom 64-bit Qualcomm Kyro', 600, 'http://youcall.altervista.org/img/device/g5.jpg', NULL, NULL),
(19, 'tablet', 'tablet', 'ASUS', 'ZenPad Z8', 'Looking for a tablet that really draws you into the action? One with a picture so sharp and sound so dynamic that it transports you right into the stadium or concert hall? Then look no further than the ASUS ZenPad Z8. This extraordinary LTE tablet is a Verizon exclusive. Thin and exceptionally light, ZenPad Z8 boasts a 7.9-inch 2K IPS display with enhanced sharpness, contrast and color. And it gets even better...live stream your favorite life-like content on the ZenPad Z8 without any lag.* Dual front speakers deliver powerful cinematic sound quality. And because you want a tablet that also delivers amazing photos, the advanced PixelMaster camera increases low-light brightness by up to 400 percent.** The Qualcomm Snapdragon 650 Hexa-Core processor provides a superior user experience. The ZenPad Z8 is 16GB and is available in black', 'Standby Time:Up to 23 days\r\nUsage Time:Up to 13 hrs\r\nCamera:8 MP\r\nFront Camera:2 MP\r\nWeight:11.29 oz\r\nHeight:8.08 in\r\nWidth:5.37 in\r\nScreen:7.9” QXGA 2048x 1536, IPS\r\nBattery:4680 mAh\r\nOperating System:Android M\r\nStorage:16 GB 2 GB RAM\r\nExpandible Memory:Supports microSD card up to 128 GB (sold separately)\r\nSAR:maximum SAR value is 1.05 on LTE 13 band\r\nNetwork:LTE Bands B2, B4, B5, B13 CA: B13+B4, B13+B2, B4+B2, B2+B5, B4+B5, B4+B4, B2+B2', 300, 'http://youcall.altervista.org/img/device/asus.png', NULL, NULL),
(10, 'smartphone', 'smartphone', 'HTC', '10', 'HTC 10 has something to excite everyone. Photo enthusiasts, capture sharp and steady images thanks to the smartphone''s first-of-its-kind* optical image stabilization in both rear and front cameras. Gamers, music lovers and movie fans, lose yourselves in the heart-pumping sound of 24-bit, high-resolution audio, thanks to the HTC BoomSound dual speakers and Hi-Fi Edition audio pack. Move quickly through screens on the highly responsive touch display. Plus, the HTC 10 battery delivers up to a whole day of power** on a single charge.', 'Standby Time:Up to 19 days\r\nUsage Time:Up to 27 hrs\r\nCamera:12 MP\r\nWidth:2.83 in\r\nWeight:5.68 oz\r\nHeight:5.70 in\r\nDepth:0.35 in\r\nScreen:5.2 inch, Quad HD (2560x1440 pixels, 564 pixels per inch) Super LCD5 with curved Gorilla Glass\r\nBattery:3,000mAH, Non-removable\r\nOperating System:Android Marshmallow (6.0.1)\r\nStorage	RAM:4G, Flash 32GB (Actual formatted capacity is less)\r\nExpandable Memory:Supports up to 2 TB microSD Card (sold separately)\r\nColors:Silver\r\nSAR:Highest reported SAR for Head, Body-worn accessory, hotspot and simultaneous transmission is : 0.79 W/kg , 0.62 W/kg, 0.62 W/kg and 1.32 W/kg respectively\r\nHearing Aid Compatibility:M4/T4\r\nNetwork	CDMA:800, 1900 MHz, GSM: 850, 900, 1800, 1900 MHz , UMTS: 850, 900, 1900, 2100 MHz, LTE: Band 2, 3, 4, 5, 7, 13, 20, 28\r\nProcessor:Qualcomm MSM8996, quad-core (2x2.15GHz + 2x1.6GHz', 500, 'http://youcall.altervista.org/img/device/htc10.jpg', 650, NULL),
(11, 'smartphone', 'smartphone', 'Micrsoft', 'Lumia 735', 'For life''s colorful twists and turns, bring the Microsoft Lumia 735 along for the ride. Take stunning self–portraits anytime. With your trusty assistant Cortana handling the details and the ease of Windows Phone 8.1, the Lumia 735 is the perfect smartphone for every occasion. Available only on Verizon—powered by America''s largest, most reliable 4G LTE network. The Lumia 735 comes in 16GB and is available in Grey. (Subject to availability).', 'Standby Time:Up to 24 days\r\nUsage Time:Up to 23.7 hrs\r\nCamera:6.7 MP\r\nFront Camera:5 MP\r\nWeight:4.7 oz\r\nHeight:5.3 in\r\nWidth:2.7 in\r\nScreen:4.7” Monoblock touch Technology ClearBlack, OLED\r\nBattery:Removable Li-Ion (2,220 mAh)\r\nColors:Grey\r\nStorage:16 GB\r\nExpandable Memory:Supports up to 128GB microSD Card (sold separately)\r\nOperating System:Windows Phone 8.1\r\nSAR:Head-0.89 W/kg, Body-1.22 W/kg, Product Specific (wireless router) 1.10 W/kg, Simultaneous Transmission 1.52 W/kg\r\nHearing Aid Compatibility:M4/T3\r\nNetwork:LTE Band 13/4 (700/1700 MHz), CDMA/1xEVDO Rev. A (800/1900 MHz)', 100, 'http://youcall.altervista.org/img/device/lumia_735.jpg', NULL, NULL),
(12, 'tablet', 'tablet', 'Samsung', 'Galaxy Tab S2', 'Thin, bright and flat–out gorgeous, the Samsung Galaxy Tab S2 is a premium tablet that doesn’t disappoint. Its 9.7–inch Super AMOLED display is vivid and colorful, bringing movies, photos and games to life. It’s also slim and lightweight, so it fits easily in your bag and goes anywhere you do. Enhance your experience with America s largest, most reliable 4G LTE network.', 'Standby Time:Up to 23 days\r\nUsage Time:Up to 15.5 hrs\r\nCamera:8 MP\r\nWeight:13.83 oz\r\nHeight:9.34 in\r\nWidth:6.65 in\r\nScreen:9.7” QXGA sAMOLED (2048 x 1536) 264 PPI\r\nBattery:5870mAh Li-ION\r\nOperating System:Android 5.1.1\r\nStorage:32 GB on board memory + 3 GB RAM\r\nExpandable Memory:Supports up to 128GB microSD Card (sold separately)\r\nSAR:Simultaneous Body SAR 1.56 W/kg\r\nNetwork:LTE Band 4, 13, 2, 3, 7\r\nGlobal Network:UMTS/HSPA/HSPA+ 850/900/1900/2100MHz', 429, 'http://youcall.altervista.org/img/device/galaxytab.jpg', NULL, NULL),
(13, 'smart accessories', 'smartwatch', 'Fitbit', 'Alta', 'Fitbit Alta keeps you motivated and also looking great. Change the wrist bands (sold separately) and customize the digital clock face to update your look. Track your activity and take advantage of automatic recognition and recording of select exercises via the Fitbit app''s SmartTrack feature. Easy-to-see call, text and calendar notifications from your nearby, compatible mobile device are displayed right on the wristband.', 'Automation:24/7 activity tracking\r\nAutomatic exercise:recognition\r\nCustomizable:Customizable for all occasions\r\nNotification:Smartphone notifications\r\nBattery:Long battery life\r\nConnection:Wirelessly sync to over 200 compatible devices.', 150, 'http://youcall.altervista.org/img/device/fitbit.jpg', NULL, NULL),
(14, 'smart accessories', 'smarttv', 'Samsung', 'Smart TV 50''''', 'Choose from nearly 400 applications and customize your Smart TV . Download the applications you most to weave : In addition to the hundreds of international applications , you have more than 50 Italian and over 45 exclusive apps , available only on the Samsung TV . Video call your friends for free and in high definition ; buy and rent movies and TV series , choosing from the thousands of proposals offered by many applications ; browse your daily free of charge ; listen to music , music videos and live concerts , do you entertain your kids with interactive stories and challenge your friends with all the fun games . And the world of applications is constantly evolving . In addition , the integrated web browser allows you to visit your favorite sites directly from the TV.', 'Resolution:1920 x 1080\r\nDolby:Dolby Digital Plus / Dolby Pulse\r\nConnection:3 HDMI, 3 USB, 1 Ethernet LAN\r\nColor:white\r\nPower:AC 220 - 240 V 50 / 60 Hz', 1999, 'http://youcall.altervista.org/img/device/smarttv.jpg', NULL, NULL),
(15, 'smartphone', 'mobilephone', 'Samsung', 'E1270', 'Samsung E1270 is designed to fit perfectly into your hand and has been structured with a slightly beveled profile always taking into account mobility and style. Maximum performance thanks to the comprehensive features . Watch your content more comfortably with an LCD screen larger 1.8 '' '' . Listen to the radio or your music with greater ease . Boost your connections with other devices using the USB Micro . All characteristics provide excellent performance and are integrated into a compact structure . Samsung E1270 is perfect for those who love to combine style and functionality in any situation .', 'Connection:GSM - Micro USB\r\nFrequency:GSM 900/1800\r\nDisplay:1.77" 262K colors\r\nFormat SIM:Standard\r\nMedia:Radio FM\r\nDimensions:95 x 46,5 x 18 mm\r\nWeight:82,9 grams\r\nAutonomy:Stand by less then 610 hours - Conversation less then 390 minutes', 30, 'http://youcall.altervista.org/img/device/samsunge1270.jpg', 79, NULL),
(16, 'smartphone', 'cordless', 'VTech', 'Handset Cordless', '-Get protection from identity theft with digital encryption\r\n-Requires only one phone jack for three handsets\r\n-Includes 1 year limited warranty from manufacturer.', 'Base with Handset on Cradle:5.2" x 6.7" x 6.9"\r\nCharger with Handset on Cradle:3.1" x 3.2" x 6.9"\r\nBase with Handset on Cradle Weight:1 lb.\r\nCharger with Handset on Cradle Weight:.5 lb.', 20, 'http://youcall.altervista.org/img/device/cordless.jpg', NULL, NULL),
(17, 'modem networking', 'repeater', 'AVM', 'FRITZ!WLAN Repeater 1750E', 'With the new FRITZ! WLAN Repeater 1750E extends the scope of existing wireless networks, creating fast and stable connections that reach to 1300 Mbit / s with the standard AC frequency band 5 GHz and 450 Mbit / s with the N standard of the 2.4 GHz.\r\nThe FRITZ! WLAN Repeater 1750E support the easy automatic recording with the so-called WPS method as TIM router, such as the FRITZ! Box or most routers on the market. For configuring the touch of a button: the repeaters and the WPS router like the FRITZ! Box will connect automatically.\r\nWith its Gigabit LAN port, this repeater integrated into the home network even network devices without wireless function. The FRITZ! WLAN Repeater 1750E covers the distance to the wireless router without requiring cables before necessary. And if cables already exist, or you can connect to the router in "bridge LAN" mode with a network cable. In this way, even the considerable distances are no longer any problem.', 'Standard Wi-Fi and speed:802.11ac (1.300 Mbit/s), 802.11n (450 Mbit/s), 802.11g/a (54 Mbit/s) e 802.11b (11 Mbit/s)\r\nWi-Fi Security:WPA2, WPA, WPS\r\nDimensions:(L x H x P): 76,5 x 155 x 62,6 mm\r\nWeight:151 g\r\nIncluded:Wireless Range Extender, Ethernet cable, rapid guide', 90, 'http://youcall.altervista.org/img/device/repeater2.jpg', NULL, NULL),
(18, 'modem networking', 'internetkey', 'TIM', 'TIM key 42.2', 'The Stick is a USB modem TIM 42.2 supreme performance with HSPA + technology , with Memory Card Slot for Micro SD , supports browsing up to 42.2 Mbps downstream and is compatible with VISTA , Windows 7 , Windows 8.1 , Mac OS X', 'Technology:HSPA+/HSDPA/HSUPA/UMTS/EDGE/GPRS\r\nFrequency:DC-HSPA+/HSPA+/HSUPA/HSDPA/UMTS UMTS900/2100MHz EGPRS/GSM 850/900/1800/1900MHz\r\nDimensions:25x86x9 mm\r\nWeight:22 grammi\r\nSystem requires:Windows XP(32 bit), Vista (32/64 bit), Windows7 (32/64-bit), Windows 8.1 (32/64 bit) Modalità Desktop, 10.6.x,10.7.x, 10.8.x, 10.9.x', 30, 'http://youcall.altervista.org/img/device/chiavetta.jpg', 78, NULL);

-- --------------------------------------------------------

--
-- Struttura della tabella `Faq`
--

CREATE TABLE IF NOT EXISTS `Faq` (
  `idassistance` int(11) NOT NULL,
  `id` int(11) NOT NULL AUTO_INCREMENT,
  `question` text COLLATE utf8_bin NOT NULL,
  `answer` text COLLATE utf8_bin NOT NULL,
  PRIMARY KEY (`idassistance`,`id`)
) ENGINE=MyISAM DEFAULT CHARSET=utf8 COLLATE=utf8_bin AUTO_INCREMENT=1 ;

--
-- Dump dei dati per la tabella `Faq`
--

INSERT INTO `Faq` (`idassistance`, `id`, `question`, `answer`) VALUES
(7, 1, 'What is meant by replacing SIM Card ?', 'The SIM replacement operation allows you to change your SIM and store your phone number ( for both rechargeable customers by subscription ) .\r\n\r\nWe remind you that the replacement of the SIM Card generates the loss of stored data contained within it . In case you have not suffered the theft or loss of the card or the lock to the wrong PIN code , learn how to transfer data from the memory card to the mobile phone before proceeding with the replacement of the SIM Card .'),
(7, 2, 'In such cases I can make a replacement SIM Card ?', 'You may have the need to ask for the replacement of your SIM for the following reasons :\r\n\r\n-Theft / loss\r\n-Malfunction\r\n-Block And / or loss of PIN / PUK\r\n-Passaggio The latest generation of SIM\r\n-Activation NFC services'),
(7, 3, 'Where can I replace the SIM Card ?', 'You can make a replacement SIM at any TIM Shop . To find the one nearest to you click here .'),
(7, 4, 'What it costs to replace the SIM Card ?', 'The cost of replacing the SIM is 10 &euro; ( VAT included) .\r\n\r\nFor rechargeable customers , in case of replacement for malfunctioning within 24 months after the activation of SIM is expected :\r\nfrom June 6, 2016 , the repayment of &euro; 10 on the remaining balance of the line in the transaction if carried out at the TIM shop;\r\nsubsequently , by 30 June , instead of the request at the TIM Store, free replacement may also take the delivery of the new SIM card , the address indicated by the customer , upon written request of the Customer.'),
(8, 1, 'What are the PIN and PUK codes ?', 'The PIN ( Personal Identity Number) is a 4-digit numeric code that allows you , if you regularly set , to protect the phone from unauthorized uses . It is in fact required by phone at power ; the PIN code is customizable . The PUK ( Personal Unblocking Key ) is a fixed and unchangeable unlock code you need to unlock the SIM as a result of the incorrect PIN code 3 times in a row'),
(8, 2, 'Where can I find the PIN and PUK codes ?', 'Each TIM SIM Card or subscription is sold accompanied by two security codes , PIN and PUK . You can find the PIN and PUK codes on the back of the plastic holder , which you are given when you purchase your SIM card under the silver strip . The PIN and PUK codes are strictly personal and the Customer Service 119 will provide that information in case of loss or forgetfulness .'),
(8, 3, 'I typed it incorrectly the PUK . How do I unlock my SIM ?', 'If you entered the PUK code incorrectly ten times in succession your SIM card can no longer be unlocked . You''ll have to necessarily visit an TIM Store to make a paper change . You will be given a new SIM keeping the same phone number .'),
(17, 1, 'Can I use the P @ gonline in My TIM Fixed to pay the invoice of a friend or relative ?', 'It is not necessary that the bill is headed to you, it will insert here the information related to the invoice you want to pay.'),
(17, 2, 'Can i partially pay a bill discovery?', 'The partial payment of an invoice is only possible if carried out at the Italian Post Office or the Outlets PAY LIS Lottomatica .'),
(17, 3, 'I''m late with the payment , I always have to provide the contact details to the automated service ?', 'The automatic communication service of the extremes is free and can always be used, but at present time payment transmission are very low , especially for payments made via Puntolis network , Sisal , which provide their payment information in the same day.\r\nI remind you , however , that using the P @ gonline service is not necessary to proceed with the message as already happens automatically at the time of payment.'),
(17, 4, 'What is the production and service delivery invoice?', 'As foreseen by the general conditions of ADSL contract and the general conditions of contract bidding fiber art , respectively . 10 and art. 9 ( "Pricing and Payment Terms " ) to customers who choose to receive a paper invoice or because they do not meet the requirements necessary to receive only online invoice ( domiciliation of payments and an e-mail address associated with the line ) , will be charged a monthly amount equal to 2 Euros including VAT , including shipping costs .'),
(25, 1, 'How can I see my previous consumption', 'By registering on the site you can browse for free tim.it up to 4 months prior traffic under D.L.G. 196/2003'),
(25, 2, 'You can download the documentation from the site of consumption without the latest figures asterisked', 'Yes, for the last 2 invoices, you can request to download the Documentation Charges Integral clear by accessing the website tim.it upon registration. To request it you can do it directly from the website under "My Account> Invoices List ''in the section MyTIM Fixed. ''Just click on the button "View Traffic Light" at the interest bill and request the code. You will receive in your mailbox and your mobile phone (if you have communicated) a code, valid for 15 days, which you must enter in your private area always clicking on "Show traffic in the clear" and then "Enter Code." Alternatively, you can send a written request, including the indication of / and invoice / s (or two months / billing) and your email in which you wish to receive communication data availability, to: Telecom Italy SpA, PO Box 111-00054 Fiumicino RM. You will receive an email in the box code that you must enter in MyTIM Fixed, always clicking on "Show traffic in the clear" and then "Enter Code."'),
(25, 3, 'What does it cost to activate the service " TI Alert "', 'The service is free.'),
(25, 4, 'How long it is activated " TI Alert Service "', 'Within 48 hours. An SMS to warn you that activation was successful .'),
(24, 1, 'I would like to change the email address on which to receive the message of the online availability of my invoice TIM fixed line . How can I do?', 'Sign in with your username and password in MyTIM Fixed in the " My Profile " and then click on " Email management " next to " Email . " So you can change your e - mail address on which to receive the message of the online availability of the your invoice.'),
(24, 2, 'I do not want to receive e -mail of the availability of my invoice . What should I do?', 'You can get in MyTIM Fixed, go to the menu item " My line > Summary " and click on " change " next to "Reception Mode account . " Once inside , select "No " to " e -mail notification of invoice " . Amending the notification , confirm by clicking on " Save . "'),
(24, 3, 'I do not remember the answer to your secret question . How do I retrieve the username and password ?', 'Click on " Forgot secret answer ? " .\r\nThe system will present you with a form where you have to enter the phone number, the invoice number and the corresponding month and year of reference . At this point you can set a new password and a new secret question and answer . You can use the chat service .'),
(46, 1, 'Why subscribe to Netflix ?', 'You have the ability to watch thousands of streaming TV shows and movies , whenever you want and wherever you want , on your TV through your TIMvision decoder , Smart TV, PS3 , PS4 , Wii , Xbox , PC , Mac , smartphone , tablet .\r\n\r\nBy subscribing to the service from NETFLIX TIMvision decoder connected to your home ADSL / fiber you have the option to charge the cost of Netflix directly to your landline bill TIM . With Netflix , there are no commercials , you can pause , rewind and continue watching whenever you want, without any limits. There are no commitments , you can terminate your subscription to Netflix at any time .'),
(46, 2, 'What does it cost to subscribe to Netflix ?', 'You can choose three different membership types that differ in the number of devices to simultaneously access and the quality of the video . The first month is always free . If you are client TIM subscribing to the service from NETFLIX TIMvision decoder connected to the ADSL / fiber to the home, you will have the opportunity to charge the cost of the subscription on your fixed line bill TIM .'),
(46, 3, 'How does it work the free trial ?', 'All plans include Netflix offer the first month free , after which they will be charged for the subscription you selected . The first free month promotion is only available for new users .If you decide to stay subscribed to Netflix will not have to do anything , your subscription will remain active until the vorrai.Se decide to terminate your membership if you have chosen to pay for it debit to TIM Invoice you will need to contact Customer Service 187. If you have chosen another method of payment you can manage your subscription directly from netflix.com site .'),
(46, 4, 'How do I access to Netflix ?', 'Log app from the section in the main menu of TIMvision decoder or download the app from other compatible devices. You will be required to register with the service.'),
(46, 5, 'How do I stop my subscription to Netflix ?', 'You can manage your subscription by netflix.com site . If you are billed for Invoice TIM , you can request the termination of the charge by calling 187. In this case, the charge will be suspended from the next invoice .'),
(49, 1, 'How active Chromecasts ?', 'If you are client TIM , you can purchase the pack with Chromecasts directly online or at a TIM Store, at a cost of 39 Euros,'),
(49, 2, 'I do not see the content on the TV, why?', 'Make sure you have correctly followed all the configuration steps . If you do not see the Chromecast home screen on your TV then you are probably using the wrong entrance. Press the Source / Input button on the TV remote control to change the input until you see the Chromecast home screen .'),
(49, 3, 'What are the compatible devices to see TIMvision with Chromecasts ?', 'Chromecast works with iPhone , iPad or Android devices and laptops Chromebook , Mac'),
(49, 4, 'Who can choose the Pack & TIMvision Chromecasts ?', 'The pack TIMvision & Chromecasts is available for all prepaid TIM customers with active data subscription .\r\nHow do I disable the TIMvision offer?\r\nYou may disable this free offer purchased at any time by calling Customer Service 119 , by sending an SMS to 40916 with the text " PACKVISION OFF " , " accessing MyTIM Site Mobile tim.it or directly through the App TIMvision.');

-- --------------------------------------------------------

--
-- Struttura della tabella `Smart_life`
--

CREATE TABLE IF NOT EXISTS `Smart_life` (
  `id` int(11) NOT NULL AUTO_INCREMENT,
  `category` enum('tv','home','person','health') COLLATE utf8_bin NOT NULL,
  `name` varchar(255) COLLATE utf8_bin NOT NULL,
  `price` int(11) NOT NULL,
  `description` text COLLATE utf8_bin NOT NULL,
  `activation` text COLLATE utf8_bin NOT NULL,
  `image` varchar(200) COLLATE utf8_bin NOT NULL,
  `old_price` int(11) DEFAULT NULL,
  `image_promotion` varchar(200) COLLATE utf8_bin DEFAULT NULL,
  PRIMARY KEY (`id`)
) ENGINE=MyISAM  DEFAULT CHARSET=utf8 COLLATE=utf8_bin AUTO_INCREMENT=12 ;

--
-- Dump dei dati per la tabella `Smart_life`
--

INSERT INTO `Smart_life` (`id`, `category`, `name`, `price`, `description`, `activation`, `image`, `old_price`, `image_promotion`) VALUES
(1, 'tv', 'Sky', 39, 'Sky TV with sky sports, sky cinema and enterntainment all included, along with ultra rapid internet connection up to 100 Mbps.\r\nSky online is also included: watch your favourite tv shows and sports event on smartphones, tablets and computers.\r\n\r\nUltra rapid internet and smart modem included + Sky tv', 'Activate this offer by submitting you phone number.', 'http://youcall.altervista.org/img/smartLife/sky.png', 89, 'http://youcall.altervista.org/img/smartLife/promotionSky.jpg'),
(2, 'tv', 'Netflix', 8, 'Original series , comedies , dramas and children''s programs , you can watch your favorite TV series and movies instantly streamed to any device you choose . The offer TV we expected some time for the wide variety of content , to see when and where you want with quality of Network youCall and without constraints , available directly on the home TV through the decoder youCallvision with HD quality.', 'To activate netflix visit this website: <a src="https://www.netflix.com/it/?mqso=81743491"> Netflix </a>', 'http://youcall.altervista.org/img/smartLife/netflix.png', 10, 'http://youcall.altervista.org/img/smartLife/netflix.jpg'),
(3, 'tv', 'Chromecast', 39, 'With Chromecast , the device\r\nconnect smartphones and tablets to TV,\r\nyou youCallvision included for three months\r\nAfter the first 3 months , the service continues at a cost of &euro; 5 per month.', 'To activate the offer\r\nYou can buy directly online or at the Shops youCall Pack youCallvision & Chromecasts including Chromecasts and Promotion 3 months youCallvision subscription.\r\n\r\nHow to Install the Chromecast :\r\n\r\nConnect the power supply Chromecasts key supplied and to an HDMI input on the TV\r\nDownload the Chromecast App on your smartphone or tablet for setup\r\nyouCallvision access and register the App with your username and password\r\nactivate the Wi- Fi on your smartphone or tablet\r\nclick on the icon and select the Chromecast App youCallvision .', 'http://youcall.altervista.org/img/smartLife/chromecast.png', NULL, ''),
(4, 'health', 'Wellup', 0, 'A free app available for iOS and Android platforms developed like a personal diary , which will allow users to have available at all times to all the information on medical preventive checks to be carried out according to their age and sex indicated during recording. This will give the opportunity to create a real agenda of the audits conducted periodically for themselves and for the whole family .', 'Download it on the Play Store for Android or in the Apple Store for iOS.', 'http://youcall.altervista.org/img/smartLife/wellup.jpg', NULL, NULL),
(6, 'home', 'Home connect', 36, 'Home Connect the offer is meant to be used in home automation devices in the home , the management of which involves the use of a SIM\r\n\r\nConnect with youCall Home for you have available minutes , SMS and MB to be used to connect and manage your burglar alarm , your boiler or other home automation systems .\r\nThe offer includes every 30 days :\r\n\r\n-20 Minutes of calls\r\n-100 MB of Internet traffic\r\n-100 SMS to al', '-If You are already in possession of a youCall Card directly online by clicking the ON button\r\n-at The Shops youCall', 'http://youcall.altervista.org/img/smartLife/homeconn.jpg', NULL, NULL),
(7, 'home', 'D-link Smart Home', 159, 'With the Smart Home HD Starter Kit will be able to set up, control, monitor and automate your home wherever you are.\r\nThe kit includes :\r\n\r\n-A HD Monitor ( DCS - 935L )\r\n-A Wi - Fi Motion Sensor ( DCH - S150 )\r\n-A Smart plug ( DSP - W215 )\r\nVia the mydlink Home app for smartphones and tablets all you have control of all the devices in order to simplify the management of the house , making it safer and smarter.\r\nThe mydlink Home app will notify you when:\r\n-a Movement or sound is detected\r\n-A Device was turned on or off\r\n-The Electricity consumption has been exceeded\r\n-A Device does not work properly or overheats\r\nThe passive infrared motion sensor greatly reduces false alarms guaranteeing to be notified only when necessary : motion detection up to 8 meters ( 100 ° horizontal, 80 ° vertical).', 'Simply download the app mydlink Home and the configuration wizard will help you make the best use all of the devices in easily and intuitively kit.\r\nWith the app you have to create the rules for on and off your appliances when and wherever you want .', 'http://youcall.altervista.org/img/smartLife/dlink.jpg', NULL, NULL),
(8, 'home', 'Internet car pack', 99, 'Buy New Car Pack, and you can connect even when you travel with so many extra benefits:\r\n\r\nModem wi-fi + 4G Car Adapter + ACI Global services for 6 months (*)\r\n\r\nCombining a year of internet traffic you can buy your modem wi-fi Car Pack 4G discounted at 50 &euro; instead of &euro; 99.90. Find out the details of annual offers: Annual Internet 50GB and 100GB annual Internet.\r\n\r\nThe innovative LTE (Long Term Evolution) can reach up to 70 Mbps downstream and 50 Mbps upstream. The Modem TIM wi-fi Car Pack 4G also allows the Wi-Fi connection up to 10 devices. The memory support up to 32GB MicroSD Card makes it possible to share files between the connected users.\r\n', 'In the box Modem Car Pack includes a card with a code Promotional ACI Global. The code allows you to enjoy the following services free of charge for 6 months after the first call to ACI Global: 1 intervention of a Wrecker, 1 home doctor, 1 ambulance, all the tourist and travel information you want. The Transaction prize is valid from 01/15/2016 to 15/07/2016. The ACI Global services provided may be used until 01/14/2017. For more details and rules please see the information on the site.', 'http://youcall.altervista.org/img/smartLife/carpack.jpg', NULL, NULL),
(9, 'person', 'Fidelty Card', 0, 'By TIM Wallet you can virtualize your loyalty cards and always carry them with you .\r\nLogin to Showcase Services and in a few steps you can capture all your loyalty cards .\r\nFrames the paper in the box and wait to be recognized .\r\nThe card recognition is automatic , but if the card is not recognized between these cards you can still add it by using the camera of your smartphone : select the type of the code on the card ( bar code , QRCode or numeric code ) and inquadralo . If the code is not automatically recognized , it can be entered manually.\r\nIn short you can see the card in your wallet .\r\nYou can show it in the stores enabled right from your smartphone : if you click on the image automatically rotates the card and shows the bar code (note: not all stores have the barcode reader enabled!)', 'Login to Showcase Services and frames the paper in the box . The card recognition is automatic in most cases . If the card is not recognized among those present you can add it using the camera of your smartphone.\r\nFollow the instructions that come proposals and select the type of code on the card . Picture of the code for automatic recognition . The code can also be entered by hand .', 'http://youcall.altervista.org/img/smartLife/fidelity.jpg', NULL, NULL),
(10, 'person', 'Coupon', 0, 'Find the link to the service " The recommended coupons from TIM " from TIM Wallet side menu . On this help page by selecting the " DISCOVER " button access to the site where you can choose from many special offers .\r\n\r\nYou can search for products from the best brands , dream trips and discounts exclusive places of your city by browsing the categories of offers.\r\n\r\nBy using the GPS of your smartphone you can always find the best offers around you .\r\n\r\nThe service is offered to customers by TIM HERE ! Group through its sales network. Payment is made using the credit card system HERE ! Group . In case of need it is necessary to contact the service center of clients HERE ! Group to the number 010/5389945 (option 3 ) .', 'In TIM Wallet side menu you can find the link to the service " The Coupon Recommended by TIM " . On this help page by selecting the " DISCOVER " key takes you to the website where you can choose from many special offers .', 'http://youcall.altervista.org/img/smartLife/digitalsign.jpg', NULL, NULL),
(11, 'person', 'E-payments', 0, 'By TIM Wallet you can use your smartphone to pay for all authorized shops.\r\nThe details of your credit card or debit card are stored confidentially and protected on TIMcard.\r\nJust a touch to select the card with which to make your purchases.\r\nLeave your wallet at home and use the smartphone to have on hand your cards.', 'Download the TIM Wallet app from Google Play on an NFC Android smartphone.\r\nAdd the payment card you prefer from those available in the window.\r\nUpon payment select the card you want to use, press " Pay " and approaching the smartphone to contactless POS . We received confirmation that the payment was made directly on the smartphone display.\r\n', 'http://youcall.altervista.org/img/smartLife/electronic-payment.jpg', NULL, NULL);

/*!40101 SET CHARACTER_SET_CLIENT=@OLD_CHARACTER_SET_CLIENT */;
/*!40101 SET CHARACTER_SET_RESULTS=@OLD_CHARACTER_SET_RESULTS */;
/*!40101 SET COLLATION_CONNECTION=@OLD_COLLATION_CONNECTION */;
